rouge_1,rouge_2,rouge_l,bleu_1,bleu_2,accuracy,win_rate_half_tie,win_rate_no_tie_credit
0.8333333333333334,0.6,0.8333333333333334,0.8333333333333334,0.7071067811865476,0.5,0.65,0.6
0.8,0.75,0.8,0.8,0.7745966692414834,0.6666666666666666,0.5,0.4
0.75,0.6666666666666666,0.75,0.75,0.7071067811865475,0.75,0.8333333333333334,0.8333333333333334
1.0,0.0,1.0,1.0,0.0,0.0,0.0,0.0
0.6,0.25,0.4,0.6,0.3872983346207417,1.0,0.8,0.7
0.6,0.25,0.6,0.6,0.3872983346207417,0.75,0.65,0.5
