rouge_1,rouge_2,rouge_l,bleu_1,bleu_2,accuracy,win_rate_half_tie,win_rate_no_tie_credit
0.75,0.6666666666666666,0.75,0.75,0.7071067811865475,0.75,0.8333333333333334,0.8333333333333334
0.0,0.0,0.0,0.0,0.0,0.0,0.0,0.0
