rouge_1,rouge_2,rouge_l,bleu_1,bleu_2,accuracy,win_rate_half_tie,win_rate_no_tie_credit
0.8333333333333334,0.6,0.8333333333333334,0.8333333333333334,0.7071067811865476,0.75,0.65,0.6
0.0,0.0,0.0,0.0,0.0,0.0,0.0,0.0
