task_group,samples,avg_text_len,sentiment_rows,entity_label,count
分类,23,15.26086956521739,23,TIME,13
分类,23,15.26086956521739,23,LOC,12
分类,23,15.26086956521739,23,PER,12
分类,23,15.26086956521739,23,ORG,10
实体,15,17.8,0,TIME,13
实体,15,17.8,0,LOC,12
实体,15,17.8,0,PER,12
实体,15,17.8,0,ORG,10
其他,12,12.833333333333334,0,TIME,13
其他,12,12.833333333333334,0,LOC,12
其他,12,12.833333333333334,0,PER,12
其他,12,12.833333333333334,0,ORG,10
